transactionrefpayername,payeraccpayee,payeeacc,amount
12345678901202012018VickeyMickey,200001020111KamleshPatel,200001020099,9999.9
12345235901202012018AnilMehtanin,200001020112KanyaKaur,200001020919,9993
12345678901925312018NarayananIyer,200001020113AshwiniKumari,200001020992,999
12345678900112252018KamalNathan,200001020141SunainaPatil,200001020939,1256
12345678901202962018VijSavrani,200001020115TestUser1,200001020994,500
15645678901202012018VimalSukumar,200001060111MohiniChawal,200001520999,329
12394858901202012018AnandiGupta,200001027111KaranKumar,200001620999,10000
12345622554202012018KiranTaneja,200001020181KailashGupta,200001027999,9529
12345678901312012018NanyaNewton,200001029111KavyaNath,200001080999,99
