,transactionref,payer,payeracc,payee,payeeacc,amount,validate,Date
0,123456789012,VickeyMickey,200001020111,KamleshPatel,200001020099,9999.9,Pass,02-01-2018
1,123452359012,AnilMehtanin,200001020112,KanyaKaur,200001020919,9993.0,Pass,02-01-2018
2,123456789019,NarayananIyer,200001020113,AshwiniKumari,200001020992,999.0,Fail,Invalid date
3,123456789001,KamalNathan,200001020141,SunainaPatil,200001020939,1256.0,Fail,Invalid date
4,123456789012,VijSavrani,200001020115,TestUser1,200001020994,500.0,Fail,Invalid date
5,156456789012,VimalSukumar,200001060111,MohiniChawal,200001520999,329.0,Pass,02-01-2018
6,123948589012,AnandiGupta,200001027111,KaranKumar,200001620999,10000.0,Pass,02-01-2018
7,123456225542,KiranTaneja,200001020181,KailashGupta,200001027999,9529.0,Pass,02-01-2018
8,123456789013,NanyaNewton,200001029111,KavyaNath,200001080999,99.0,Pass,12-01-2018
